Machine_ID,RPM,Vibration,Pressure,Machine_Mode,Temperature,Defective
MCH-0001,1811.26,1.888,33.55,High-Speed,83.64,0
MCH-0002,3366.93,4.564,32.23,Eco,93.72,0
MCH-0003,2776.38,7.047,91.56,Eco,101.7,1
MCH-0004,2416.38,5.992,32.46,High-Speed,109.78,0
MCH-0005,1221.25,6.549,34.48,Standard,76.61,0
MCH-0006,1221.19,5.441,78.35,High-Speed,94.35,1
MCH-0007,956.83,5.692,50.48,High-Speed,94.23,1
MCH-0008,3138.68,6.869,79.9,Standard,116.49,1
MCH-0009,2423.01,2.373,15.88,High-Speed,98.23,1
MCH-0010,2711.8,4.171,53.88,High-Speed,120.24,1
MCH-0011,855.58,2.159,13.03,High-Speed,83.27,0
MCH-0012,3418.76,7.908,15.64,Standard,106.64,1
MCH-0013,3047.6,7.58,91.58,Eco,111.36,1
MCH-0014,1373.32,0.796,22.53,Eco,47.77,0
MCH-0015,1290.93,5.792,57.92,Standard,86.04,1
MCH-0016,1295.19,7.439,47.0,Eco,76.34,1
MCH-0017,1621.45,1.854,41.26,High-Speed,89.74,0
MCH-0018,2216.84,4.76,90.99,Eco,97.06,1
MCH-0019,1966.25,7.366,11.96,High-Speed,103.26,1
MCH-0020,1586.32,0.755,69.74,Eco,67.45,0
MCH-0021,2452.0,5.731,96.71,Standard,106.3,1
MCH-0022,1176.63,2.73,60.42,Eco,67.28,0
MCH-0023,1588.79,7.433,94.31,Eco,89.89,1
MCH-0024,1789.18,7.783,14.7,Eco,64.02,1
MCH-0025,2031.39,7.582,47.69,Standard,89.62,1
MCH-0026,2919.98,4.057,33.41,Eco,77.42,1
MCH-0027,1339.12,6.965,75.77,Standard,99.47,1
MCH-0028,2188.43,6.834,98.32,High-Speed,133.62,1
MCH-0029,2399.52,2.893,33.09,Eco,69.32,0
MCH-0030,925.42,6.717,68.88,Standard,88.6,0
MCH-0031,2440.37,0.778,27.83,Standard,83.63,0
MCH-0032,1260.42,4.972,60.88,Eco,66.37,0
MCH-0033,975.64,2.225,51.75,High-Speed,87.71,0
MCH-0034,3361.99,1.404,97.48,Standard,125.2,1
MCH-0035,3407.21,1.077,64.77,Eco,95.96,0
MCH-0036,2982.67,5.722,41.46,High-Speed,114.02,1
MCH-0037,1622.46,3.049,20.27,Standard,69.15,0
MCH-0038,1063.71,5.936,23.61,Standard,62.2,0
MCH-0039,2647.43,0.99,30.28,High-Speed,100.28,1
MCH-0040,1988.41,2.865,32.59,High-Speed,104.39,1
MCH-0041,1129.5,4.546,86.56,Eco,75.0,0
MCH-0042,2136.98,6.43,60.51,Eco,77.62,1
MCH-0043,892.85,2.891,57.11,Standard,70.59,0
MCH-0044,3255.17,5.194,20.33,High-Speed,115.48,1
MCH-0045,1498.71,7.145,87.41,High-Speed,112.07,1
MCH-0046,2588.81,5.119,75.05,High-Speed,115.23,0
MCH-0047,1641.62,2.247,16.09,Standard,69.34,0
MCH-0048,2204.18,0.683,73.71,High-Speed,106.14,0
MCH-0049,2276.12,7.026,58.92,High-Speed,107.8,1
MCH-0050,1299.11,0.66,17.36,Standard,61.09,0
MCH-0051,3417.88,7.06,51.25,Eco,98.73,1
MCH-0052,2892.86,4.467,53.62,Eco,86.98,1
MCH-0053,3336.65,7.543,24.92,Standard,98.27,0
MCH-0054,3216.03,6.491,95.11,High-Speed,140.46,1
MCH-0055,2414.33,7.985,86.5,Standard,108.47,1
MCH-0056,3289.06,3.13,70.21,Eco,87.13,1
MCH-0057,1038.93,6.254,51.61,Eco,72.4,1
MCH-0058,1329.15,3.514,47.06,Standard,81.07,0
MCH-0059,922.11,4.099,68.59,Standard,76.27,0
MCH-0060,1678.39,5.206,59.09,Eco,76.0,1
MCH-0061,1849.43,7.053,15.6,Standard,78.44,1
MCH-0062,1532.64,7.881,56.13,Eco,80.05,1
MCH-0063,3037.59,6.262,82.58,Standard,119.91,1
MCH-0064,1763.23,3.633,51.33,Standard,83.62,1
MCH-0065,1558.52,3.66,14.68,Standard,74.99,0
MCH-0066,2265.28,6.032,80.77,Eco,89.24,1
MCH-0067,1180.5,2.291,28.12,Standard,65.5,0
MCH-0068,2965.93,1.329,33.28,Eco,83.13,0
MCH-0069,1001.29,3.16,24.82,Eco,52.07,0
MCH-0070,3464.59,2.654,39.72,Standard,104.13,0
MCH-0071,2885.06,2.722,78.11,Standard,100.63,0
MCH-0072,1336.53,2.252,56.74,Eco,66.18,0
MCH-0073,814.91,0.816,28.44,Eco,58.37,0
MCH-0074,3001.75,0.634,89.0,High-Speed,116.87,1
MCH-0075,2708.51,7.908,89.16,Eco,106.58,1
MCH-0076,2768.32,3.708,88.35,High-Speed,125.6,1
MCH-0077,2882.43,3.382,31.49,High-Speed,107.27,0
MCH-0078,999.92,5.597,50.61,High-Speed,95.21,0
MCH-0079,1767.86,2.137,98.65,Standard,95.01,0
MCH-0080,1112.85,7.625,79.48,Standard,86.7,0
MCH-0081,3130.38,6.398,12.45,Eco,86.47,0
MCH-0082,2482.9,1.171,15.87,High-Speed,88.35,0
MCH-0083,1693.42,3.632,51.75,Standard,87.35,1
MCH-0084,971.61,7.093,91.83,Standard,100.96,1
MCH-0085,1639.65,7.585,58.48,Standard,84.12,1
MCH-0086,1677.99,4.006,54.8,Standard,91.86,1
MCH-0087,2769.94,5.101,19.49,Standard,87.74,1
MCH-0088,2521.41,1.753,69.11,High-Speed,109.02,0
MCH-0089,3195.47,7.934,83.99,High-Speed,130.64,1
MCH-0090,2074.98,2.238,44.24,High-Speed,98.81,0
MCH-0091,1122.9,7.57,79.81,High-Speed,108.65,1
MCH-0092,2725.76,5.372,96.8,Eco,108.42,1
MCH-0093,2854.12,5.058,28.34,High-Speed,104.67,1
MCH-0094,2315.45,4.345,57.1,Standard,102.34,1
MCH-0095,2881.61,2.23,35.84,High-Speed,108.34,0
MCH-0096,2133.25,1.824,81.36,Eco,84.29,0
MCH-0097,2211.38,2.154,61.98,Standard,88.75,0
MCH-0098,1954.36,1.898,67.11,High-Speed,101.04,0
MCH-0099,868.63,6.347,81.81,High-Speed,102.09,1
MCH-0100,1091.31,3.126,45.64,High-Speed,89.19,1
MCH-0101,884.86,0.934,92.36,Standard,79.24,0
MCH-0102,2518.31,7.768,57.97,Standard,100.72,1
MCH-0103,1648.76,7.128,24.22,Eco,72.89,1
MCH-0104,2173.14,7.458,72.63,Standard,99.35,1
MCH-0105,3250.43,7.962,81.39,Standard,121.76,1
MCH-0106,1473.09,1.804,38.51,High-Speed,86.9,0
MCH-0107,1908.03,3.472,87.15,Standard,99.81,1
MCH-0108,2839.99,6.187,91.55,High-Speed,134.48,1
MCH-0109,1417.76,5.72,34.92,High-Speed,99.45,1
MCH-0110,1007.85,1.654,98.52,Standard,86.71,0
MCH-0111,1582.33,6.619,22.66,Eco,71.86,0
MCH-0112,1235.3,2.183,28.18,Eco,56.25,0
MCH-0113,3310.18,2.179,26.58,Standard,95.66,0
MCH-0114,2981.93,4.527,90.46,Eco,106.38,1
MCH-0115,2510.19,4.947,68.89,High-Speed,108.34,1
MCH-0116,3152.94,4.851,23.69,High-Speed,112.02,0
MCH-0117,2969.91,1.186,49.63,Standard,99.86,0
MCH-0118,1303.74,7.081,65.38,Eco,78.35,0
MCH-0119,3209.91,2.492,17.51,Eco,76.13,1
MCH-0120,2256.22,1.471,89.42,High-Speed,109.89,1
MCH-0121,2980.09,7.166,82.32,Standard,107.98,0
MCH-0122,3219.45,7.667,55.47,Eco,102.01,1
MCH-0123,1658.61,6.966,97.04,Standard,103.79,1
MCH-0124,1097.14,6.571,47.6,Eco,72.23,0
MCH-0125,1415.42,5.414,98.57,High-Speed,115.01,1
MCH-0126,1953.19,4.631,70.11,High-Speed,105.21,0
MCH-0127,3008.64,1.152,67.12,Standard,100.03,0
MCH-0128,3123.97,3.563,24.94,High-Speed,109.67,0
MCH-0129,818.77,3.295,89.37,Eco,71.12,1
MCH-0130,2179.02,2.448,48.47,High-Speed,102.93,1
MCH-0131,1927.01,5.926,24.6,Standard,83.35,0
MCH-0132,1399.69,4.219,11.13,Standard,65.84,1
MCH-0133,1123.64,1.108,60.38,Standard,75.34,0
MCH-0134,1711.56,2.151,57.47,Eco,70.84,0
MCH-0135,3345.86,5.624,74.74,Eco,107.87,1
MCH-0136,1672.65,1.071,90.12,Eco,78.16,0
MCH-0137,2200.73,6.884,17.15,Eco,69.56,1
MCH-0138,2698.15,4.214,75.83,Eco,95.31,1
MCH-0139,1781.8,4.104,26.87,High-Speed,94.21,1
MCH-0140,3423.81,4.943,87.24,Eco,102.23,0
MCH-0141,3398.61,6.685,83.72,Eco,113.69,1
MCH-0142,1479.81,3.109,58.67,High-Speed,100.38,1
MCH-0143,2142.57,5.585,73.92,Eco,85.27,0
MCH-0144,1612.37,4.743,38.29,Standard,77.5,1
MCH-0145,1569.07,2.503,52.41,Eco,69.1,0
MCH-0146,899.59,7.09,83.95,Eco,77.07,0
MCH-0147,2445.82,6.481,51.33,Standard,101.56,1
MCH-0148,2157.23,5.438,42.2,Standard,90.71,0
MCH-0149,938.99,6.879,54.48,Standard,76.59,1
MCH-0150,1552.35,7.005,84.54,Standard,94.59,0
MCH-0151,3252.32,5.813,40.17,Eco,99.22,1
MCH-0152,1446.82,6.778,25.64,Standard,86.96,1
MCH-0153,1191.22,5.731,74.08,Standard,91.25,1
MCH-0154,2121.52,5.601,84.34,High-Speed,116.47,1
MCH-0155,3461.26,5.14,19.06,Standard,95.85,1
MCH-0156,1453.55,6.145,31.59,Standard,82.57,0
MCH-0157,2614.77,1.69,22.78,High-Speed,97.14,1
MCH-0158,2856.37,7.107,41.31,High-Speed,108.54,1
MCH-0159,1441.62,7.039,50.53,Eco,82.4,1
MCH-0160,2766.18,0.719,77.39,High-Speed,119.65,0
MCH-0161,1793.01,6.694,68.6,Eco,89.84,0
MCH-0162,2507.23,1.467,65.88,High-Speed,102.47,1
MCH-0163,2510.53,3.013,41.71,High-Speed,100.78,0
MCH-0164,2246.59,6.076,85.73,Eco,86.15,1
MCH-0165,1043.78,1.706,52.42,High-Speed,94.81,0
MCH-0166,3055.32,6.635,98.12,Eco,108.25,0
MCH-0167,1666.11,6.741,67.07,High-Speed,120.94,1
MCH-0168,1303.6,4.306,21.36,Standard,80.87,0
MCH-0169,910.09,0.548,70.86,High-Speed,83.81,0
MCH-0170,2395.41,2.653,39.26,Eco,72.55,0
MCH-0171,2629.42,5.127,71.77,High-Speed,121.18,1
MCH-0172,844.79,7.859,16.27,Eco,52.75,0
MCH-0173,2182.65,5.239,25.74,Eco,72.72,1
MCH-0174,1411.54,2.449,87.02,Standard,85.49,0
MCH-0175,2541.97,5.255,30.45,Standard,99.93,0
MCH-0176,1270.79,4.55,85.33,Eco,81.21,0
MCH-0177,2665.53,6.349,35.13,High-Speed,109.44,1
MCH-0178,1844.19,1.302,67.86,Eco,72.07,0
MCH-0179,3329.17,6.208,72.47,Eco,109.2,1
MCH-0180,1171.31,4.559,56.14,High-Speed,92.99,1
MCH-0181,1720.88,7.722,37.48,High-Speed,102.86,1
MCH-0182,1106.38,3.064,29.14,High-Speed,80.26,0
MCH-0183,3296.67,5.245,12.99,High-Speed,101.88,1
MCH-0184,3168.82,7.49,37.36,Eco,89.98,1
MCH-0185,1496.44,1.269,68.78,Eco,68.75,0
MCH-0186,2581.96,7.529,94.45,Standard,113.81,1
MCH-0187,3006.5,5.659,88.41,Eco,103.39,1
MCH-0188,2299.04,1.009,78.95,High-Speed,107.95,1
MCH-0189,2230.06,2.757,80.96,Standard,94.4,1
MCH-0190,1453.0,5.811,69.85,High-Speed,112.34,1
MCH-0191,1051.38,1.005,33.43,Eco,59.49,0
MCH-0192,3222.48,4.866,91.65,Standard,115.71,1
MCH-0193,3231.13,3.094,70.37,High-Speed,122.65,0
MCH-0194,2509.37,5.157,60.44,Standard,97.21,0
MCH-0195,1715.38,0.843,19.99,Standard,54.13,0
MCH-0196,1742.87,7.037,50.23,Eco,80.86,0
MCH-0197,2760.08,7.801,51.43,High-Speed,121.46,1
MCH-0198,3222.2,7.767,87.81,Standard,113.26,1
MCH-0199,3195.13,6.122,59.2,Standard,111.46,1
MCH-0200,2905.66,1.476,44.24,High-Speed,104.83,0
MCH-0201,2533.49,6.187,97.91,Standard,114.46,1
MCH-0202,1027.18,0.684,19.96,Standard,58.5,1
MCH-0203,1236.4,0.666,48.03,Standard,76.9,0
MCH-0204,3226.1,2.927,13.78,High-Speed,105.13,0
MCH-0205,2437.36,4.165,76.59,High-Speed,120.98,1
MCH-0206,824.83,6.278,92.63,High-Speed,111.29,1
MCH-0207,1073.97,5.625,35.2,High-Speed,84.66,1
MCH-0208,2591.45,3.844,87.25,Eco,91.65,0
MCH-0209,813.67,2.552,36.3,Standard,68.27,0
MCH-0210,1234.18,7.978,91.97,High-Speed,112.33,1
MCH-0211,2281.58,3.696,77.86,Standard,97.31,0
MCH-0212,2668.12,3.885,82.44,Standard,111.34,1
MCH-0213,2560.3,1.727,11.62,Eco,66.28,0
MCH-0214,1405.53,6.461,96.65,High-Speed,109.59,1
MCH-0215,2722.88,5.703,75.4,High-Speed,118.1,1
MCH-0216,1440.57,2.156,37.43,Standard,83.95,0
MCH-0217,1678.58,1.118,84.65,High-Speed,101.99,1
MCH-0218,2815.53,5.604,35.34,Standard,89.33,1
MCH-0219,2554.01,5.409,88.55,Standard,99.72,1
MCH-0220,3092.9,2.549,20.13,Eco,75.39,0
MCH-0221,2575.55,7.631,73.33,Eco,97.95,0
MCH-0222,2334.43,1.633,58.66,Eco,83.79,0
MCH-0223,1052.92,3.743,18.69,Standard,70.36,0
MCH-0224,1792.83,7.577,31.77,High-Speed,101.93,1
MCH-0225,1516.05,3.648,11.12,Eco,56.92,0
MCH-0226,1458.77,5.289,52.19,High-Speed,100.97,0
MCH-0227,3427.13,3.482,37.11,Eco,80.83,1
MCH-0228,1861.36,2.557,63.85,Eco,86.77,0
MCH-0229,3208.53,7.88,36.75,Standard,109.35,1
MCH-0230,2504.07,3.57,36.99,Eco,82.98,0
MCH-0231,2945.99,7.206,76.89,Eco,98.18,0
MCH-0232,2157.12,2.225,14.33,Standard,81.27,0
MCH-0233,2357.64,2.098,91.26,High-Speed,112.78,1
MCH-0234,2129.8,0.734,86.7,Eco,78.35,1
MCH-0235,1327.16,5.388,70.1,Standard,88.07,1
MCH-0236,2750.62,3.264,63.39,Eco,88.57,1
MCH-0237,1558.09,6.983,90.31,Standard,95.06,1
MCH-0238,865.65,4.049,26.68,High-Speed,77.42,0
MCH-0239,2542.78,7.761,17.11,High-Speed,102.08,1
MCH-0240,1278.2,1.891,31.56,Standard,63.96,0
MCH-0241,3339.24,7.015,81.51,Standard,117.31,1
MCH-0242,3375.61,6.324,13.12,Standard,90.78,1
MCH-0243,3270.13,6.282,62.45,High-Speed,122.71,0
MCH-0244,1799.43,6.836,99.59,Eco,101.05,1
MCH-0245,841.73,6.208,87.01,High-Speed,108.36,1
MCH-0246,3306.46,5.197,56.93,Standard,102.42,1
MCH-0247,1956.1,1.484,15.73,Standard,76.1,0
MCH-0248,3409.97,0.744,84.82,High-Speed,113.1,1
MCH-0249,3401.77,7.406,63.91,Standard,127.69,1
MCH-0250,3103.13,5.125,20.34,High-Speed,115.6,1
MCH-0251,1595.01,6.474,18.45,Standard,75.47,1
MCH-0252,1839.76,4.111,91.87,Eco,90.18,0
MCH-0253,3098.07,1.38,70.23,Eco,84.14,0
MCH-0254,1655.69,1.439,84.64,Standard,88.58,0
MCH-0255,1257.63,5.642,89.11,High-Speed,107.75,1
MCH-0256,2303.36,3.727,61.46,Eco,79.73,1
MCH-0257,3327.62,2.004,56.57,High-Speed,113.77,1
MCH-0258,2679.28,4.187,48.74,Standard,92.73,1
MCH-0259,2339.17,0.982,38.53,High-Speed,91.03,0
MCH-0260,1062.38,4.865,49.11,Eco,63.41,1
MCH-0261,2460.52,2.517,79.65,High-Speed,106.5,0
MCH-0262,3473.15,6.482,64.17,High-Speed,133.83,1
MCH-0263,1178.23,2.828,90.33,Standard,82.51,1
MCH-0264,2199.49,3.914,49.9,Standard,83.47,1
MCH-0265,3168.91,0.587,64.64,Standard,102.86,0
MCH-0266,2800.08,1.043,66.82,Eco,87.69,0
MCH-0267,2681.94,3.444,63.25,Eco,92.41,0
MCH-0268,2696.71,4.1,73.24,Standard,107.52,1
MCH-0269,1770.63,5.0,31.37,Standard,90.85,0
MCH-0270,1592.7,2.687,56.11,Eco,70.81,0
MCH-0271,2985.28,5.712,19.38,Eco,76.35,0
MCH-0272,2987.31,6.951,44.61,Eco,95.18,1
MCH-0273,3141.1,6.349,53.89,Eco,93.85,1
MCH-0274,3265.75,0.797,68.7,Standard,96.69,0
MCH-0275,2180.62,4.104,95.55,Eco,93.95,1
MCH-0276,2154.09,1.287,64.06,Standard,92.1,1
MCH-0277,2955.4,2.315,76.92,High-Speed,114.22,1
MCH-0278,2554.9,7.9,55.56,High-Speed,125.29,1
MCH-0279,2695.31,1.569,67.07,Eco,80.81,0
MCH-0280,2948.64,4.242,16.38,High-Speed,102.99,1
MCH-0281,3203.01,5.136,32.9,High-Speed,116.02,1
MCH-0282,1712.59,5.768,42.57,High-Speed,98.5,1
MCH-0283,1814.07,4.697,52.52,Eco,68.51,0
MCH-0284,1053.75,0.573,14.11,Eco,52.72,0
MCH-0285,2361.36,2.948,22.6,High-Speed,93.19,0
MCH-0286,897.04,4.383,34.91,Standard,74.17,0
MCH-0287,2057.11,1.159,97.44,High-Speed,105.03,0
MCH-0288,2265.14,3.13,39.82,Eco,70.23,0
MCH-0289,1573.66,0.749,53.38,Eco,70.78,1
MCH-0290,2395.25,1.089,27.65,Eco,71.03,0
MCH-0291,882.35,3.477,64.97,High-Speed,90.19,0
MCH-0292,900.84,1.495,35.26,Standard,66.3,1
MCH-0293,3021.02,4.757,28.63,Eco,80.06,1
MCH-0294,1772.51,5.671,56.49,Eco,80.68,0
MCH-0295,1143.06,6.504,10.5,High-Speed,86.17,1
MCH-0296,2210.06,2.001,10.69,Standard,72.06,0
MCH-0297,2878.98,1.756,29.72,High-Speed,97.97,1
MCH-0298,1382.72,1.284,13.3,Eco,53.63,0
MCH-0299,2481.8,5.273,19.72,Standard,86.5,1
MCH-0300,1030.44,5.799,40.5,Standard,74.36,0
MCH-0301,939.54,0.737,82.23,Eco,62.32,0
MCH-0302,2234.66,7.522,61.48,Standard,101.12,1
MCH-0303,2259.71,0.89,56.14,Standard,83.51,0
MCH-0304,2521.06,4.56,36.41,High-Speed,100.58,1
MCH-0305,2760.45,5.818,93.86,Eco,103.72,1
MCH-0306,3434.8,7.032,45.73,Eco,107.75,1
MCH-0307,2194.01,5.856,17.84,Eco,72.14,0
MCH-0308,1671.98,6.513,65.54,Eco,90.89,1
MCH-0309,2947.0,3.046,20.25,Eco,88.41,0
MCH-0310,1531.25,6.611,41.07,Standard,79.81,1
MCH-0311,1985.22,1.101,55.67,High-Speed,97.88,0
MCH-0312,1011.83,7.211,88.68,Eco,94.41,1
MCH-0313,868.45,4.607,54.42,High-Speed,90.82,0
MCH-0314,3399.15,6.63,73.2,High-Speed,131.86,1
MCH-0315,3057.15,3.892,99.35,Standard,106.32,0
MCH-0316,2679.13,5.327,21.83,Eco,77.23,1
MCH-0317,1904.17,4.448,34.73,Standard,85.39,1
MCH-0318,1267.89,5.987,45.51,Eco,83.59,1
MCH-0319,1222.38,1.112,47.96,Standard,70.41,0
MCH-0320,1475.66,0.953,46.99,High-Speed,80.49,0
MCH-0321,2282.91,2.353,91.68,Eco,82.82,1
MCH-0322,2729.41,1.697,74.26,High-Speed,113.42,1
MCH-0323,2582.53,7.038,64.71,High-Speed,126.07,1
MCH-0324,1555.82,2.144,37.84,Standard,77.71,0
MCH-0325,3378.14,7.819,84.14,Eco,114.5,1
MCH-0326,2792.32,3.027,95.96,High-Speed,130.2,1
MCH-0327,2296.76,1.866,83.91,Standard,93.05,0
MCH-0328,2451.65,6.423,10.14,Eco,76.05,0
MCH-0329,1932.92,5.44,67.28,Eco,82.2,0
MCH-0330,1468.87,4.236,14.6,High-Speed,84.55,0
MCH-0331,1761.13,4.665,33.18,Eco,65.85,1
MCH-0332,2846.18,5.894,15.36,High-Speed,104.42,1
MCH-0333,838.86,2.213,64.34,Eco,63.88,0
MCH-0334,1113.4,7.973,71.79,Standard,89.78,0
MCH-0335,924.21,7.811,20.3,High-Speed,87.78,1
MCH-0336,909.97,5.377,44.55,High-Speed,92.6,1
MCH-0337,3109.74,1.997,51.06,Eco,93.02,1
MCH-0338,2699.88,5.602,43.21,Eco,93.68,1
MCH-0339,2080.27,1.041,20.89,High-Speed,92.23,0
MCH-0340,1064.15,0.73,47.71,Eco,52.31,1
MCH-0341,2127.36,2.433,77.61,Standard,92.12,0
MCH-0342,2078.37,3.97,16.39,Eco,66.82,0
MCH-0343,1267.65,7.012,17.22,Standard,71.82,1
MCH-0344,1971.4,5.954,41.93,Standard,90.45,1
MCH-0345,1875.96,6.07,94.76,Standard,95.71,1
MCH-0346,2462.8,3.691,70.17,Standard,106.82,1
MCH-0347,2514.75,3.095,71.08,Standard,103.98,0
MCH-0348,922.32,3.283,42.57,Eco,63.12,0
MCH-0349,1811.45,7.907,63.43,Standard,97.06,1
MCH-0350,2489.82,0.801,10.91,Eco,70.98,0
MCH-0351,2158.47,7.003,67.25,Standard,104.23,1
MCH-0352,3112.52,4.84,92.2,High-Speed,135.71,1
MCH-0353,2578.47,3.79,65.13,Standard,98.14,1
MCH-0354,1239.92,5.939,88.63,High-Speed,117.89,1
MCH-0355,990.54,4.15,75.16,Standard,88.98,1
MCH-0356,2534.53,7.051,20.85,Standard,94.02,1
MCH-0357,871.58,7.255,91.22,Standard,99.34,1
MCH-0358,2381.59,3.663,15.98,High-Speed,93.97,0
MCH-0359,3338.62,2.576,58.06,High-Speed,112.05,1
MCH-0360,2353.78,4.943,22.79,Standard,87.07,1
MCH-0361,1848.06,7.343,11.05,Eco,70.63,0
MCH-0362,2536.88,2.08,47.98,Standard,88.22,1
MCH-0363,2037.28,5.172,36.55,High-Speed,107.36,1
MCH-0364,2273.17,5.237,53.74,Standard,95.23,1
MCH-0365,3341.95,5.998,61.95,High-Speed,127.6,1
MCH-0366,1842.48,1.487,13.94,High-Speed,82.78,0
MCH-0367,3395.21,5.869,21.07,High-Speed,118.79,1
MCH-0368,3244.45,7.318,60.28,Standard,115.89,1
MCH-0369,1328.64,1.848,40.89,High-Speed,91.46,0
MCH-0370,987.28,2.282,75.63,High-Speed,91.84,0
MCH-0371,1072.1,7.785,68.71,Standard,96.35,1
MCH-0372,849.2,1.857,86.1,High-Speed,104.12,0
MCH-0373,1055.0,6.908,72.32,Standard,93.07,1
MCH-0374,2644.12,4.192,48.69,High-Speed,106.09,0
MCH-0375,992.21,2.354,70.57,Eco,64.01,1
MCH-0376,1661.23,7.031,34.78,Eco,73.26,1
MCH-0377,3081.16,3.84,37.57,High-Speed,108.49,0
MCH-0378,862.83,4.361,81.01,Eco,73.46,1
MCH-0379,2999.06,3.194,50.18,Standard,100.91,1
MCH-0380,1561.01,4.947,81.85,Eco,85.13,1
MCH-0381,1119.05,1.726,84.02,High-Speed,98.27,0
MCH-0382,2681.19,3.433,87.18,High-Speed,119.33,0
MCH-0383,2498.15,7.771,92.5,Standard,113.68,1
MCH-0384,3169.17,2.436,48.79,High-Speed,116.77,1
MCH-0385,2784.69,5.426,38.7,Standard,86.36,0
MCH-0386,2969.4,2.939,62.4,Eco,90.47,0
MCH-0387,1561.49,6.301,43.41,Eco,76.43,1
MCH-0388,1279.09,1.482,64.1,Standard,81.61,0
MCH-0389,2826.66,7.774,73.5,Standard,107.25,1
MCH-0390,2978.45,3.903,71.96,High-Speed,115.21,1
MCH-0391,3474.36,2.27,43.71,Eco,92.49,1
MCH-0392,1914.07,1.051,25.02,Standard,63.16,0
MCH-0393,1804.45,1.773,48.75,Eco,76.66,0
MCH-0394,2896.31,4.398,22.83,Standard,91.98,1
MCH-0395,1720.17,3.028,90.11,Eco,91.83,0
MCH-0396,3313.04,6.717,41.13,High-Speed,115.76,1
MCH-0397,3117.71,3.732,23.9,Eco,80.24,1
MCH-0398,1958.28,2.365,12.29,Eco,50.11,0
MCH-0399,2827.35,5.129,68.12,Eco,91.16,0
MCH-0400,2837.27,5.801,67.32,Eco,95.51,1
MCH-0401,1078.43,1.753,40.65,Eco,49.0,0
MCH-0402,3236.89,1.757,16.45,High-Speed,100.5,0
MCH-0403,2164.18,0.775,46.87,Standard,71.72,0
MCH-0404,3031.44,6.023,38.01,Eco,89.14,1
MCH-0405,1664.13,5.479,70.94,High-Speed,113.49,0
MCH-0406,3217.91,4.06,64.52,Eco,96.32,0
MCH-0407,1850.84,6.831,42.81,Eco,87.69,1
MCH-0408,829.26,6.543,29.61,Standard,76.51,1
MCH-0409,3244.53,4.89,98.92,Eco,115.62,1
MCH-0410,1046.47,7.012,50.86,High-Speed,93.72,1
MCH-0411,1662.15,2.044,71.94,High-Speed,96.88,1
MCH-0412,3365.17,1.339,22.65,Standard,91.72,0
MCH-0413,3366.64,2.523,53.7,Eco,83.92,0
MCH-0414,2348.28,0.928,12.48,High-Speed,91.23,0
MCH-0415,2505.96,4.484,55.49,Eco,84.52,0
MCH-0416,2010.8,7.525,96.76,Eco,105.61,1
MCH-0417,1591.67,0.795,44.58,Eco,67.54,1
MCH-0418,1687.39,1.416,13.51,Standard,72.76,0
MCH-0419,2615.8,3.891,12.79,Eco,69.63,1
MCH-0420,2831.41,7.504,44.92,High-Speed,123.45,1
MCH-0421,2937.26,2.871,24.4,Eco,85.82,1
MCH-0422,2931.97,4.304,12.1,High-Speed,102.66,1
MCH-0423,1046.26,0.812,78.06,Eco,63.98,0
MCH-0424,2134.93,1.613,51.27,High-Speed,95.78,1
MCH-0425,955.41,7.9,36.03,High-Speed,100.06,1
MCH-0426,2283.73,7.738,91.01,Eco,114.38,1
MCH-0427,1992.13,0.537,20.45,Eco,56.26,0
MCH-0428,3196.8,7.639,96.03,High-Speed,132.92,1
MCH-0429,1747.47,5.293,38.26,Standard,88.17,0
MCH-0430,1116.08,7.009,89.96,Eco,81.33,1
MCH-0431,1186.08,3.911,64.26,Standard,86.82,0
MCH-0432,2856.08,4.367,84.4,Eco,101.09,1
MCH-0433,2469.19,4.166,98.56,Eco,97.83,1
MCH-0434,1073.03,5.501,35.96,Eco,67.42,1
MCH-0435,1027.09,1.547,96.5,Eco,76.43,0
MCH-0436,2692.62,0.725,45.05,Standard,86.45,0
MCH-0437,996.46,2.809,44.7,Eco,52.48,0
MCH-0438,3019.02,5.785,40.63,High-Speed,116.46,1
MCH-0439,2706.85,2.014,58.73,High-Speed,117.19,0
MCH-0440,1019.64,5.551,23.87,Standard,63.01,1
MCH-0441,1029.06,7.774,59.83,Eco,71.8,0
MCH-0442,3463.93,1.204,58.75,High-Speed,118.86,1
MCH-0443,1810.53,5.545,78.57,Standard,97.13,1
MCH-0444,1800.73,3.828,85.03,Eco,87.21,1
MCH-0445,2994.56,7.011,49.64,High-Speed,117.05,1
MCH-0446,3357.57,1.829,37.21,High-Speed,116.11,1
MCH-0447,3462.2,5.695,33.34,Standard,103.74,0
MCH-0448,2834.12,6.786,27.52,Eco,90.0,1
MCH-0449,1815.9,7.585,15.19,Eco,73.88,0
MCH-0450,1025.45,5.624,40.82,High-Speed,92.24,0
MCH-0451,2898.3,4.229,34.32,High-Speed,112.09,0
MCH-0452,2307.69,5.134,96.98,High-Speed,123.5,1
MCH-0453,1945.4,7.017,60.19,Eco,80.19,1
MCH-0454,3247.16,4.78,41.25,Standard,106.82,0
MCH-0455,1100.23,0.728,62.24,Standard,77.49,0
MCH-0456,2130.09,7.482,22.53,Eco,67.5,1
MCH-0457,830.65,5.671,49.96,Standard,73.6,1
MCH-0458,2065.38,5.574,66.36,High-Speed,116.61,1
MCH-0459,952.02,2.118,54.0,Standard,62.94,0
MCH-0460,1120.81,5.442,46.16,Standard,83.44,0
MCH-0461,1117.32,3.454,99.45,Standard,89.79,1
MCH-0462,2552.87,5.384,89.23,High-Speed,130.41,1
MCH-0463,2814.32,1.299,66.11,Eco,86.33,0
MCH-0464,2375.1,5.434,61.24,High-Speed,109.68,1
MCH-0465,3397.87,7.996,65.86,Eco,108.86,1
MCH-0466,1812.15,0.862,28.12,Eco,61.84,0
MCH-0467,1571.42,7.829,45.56,Eco,74.91,1
MCH-0468,3145.22,3.552,13.55,Standard,100.36,0
MCH-0469,1403.71,7.031,52.8,Standard,82.59,1
MCH-0470,3400.7,6.368,58.87,Eco,90.63,1
MCH-0471,832.82,4.753,30.5,Eco,67.03,1
MCH-0472,3418.67,6.038,96.76,Standard,119.82,1
MCH-0473,916.53,7.089,91.85,High-Speed,106.96,1
MCH-0474,3206.09,3.531,74.99,Eco,96.6,1
MCH-0475,2224.79,2.953,58.0,High-Speed,102.45,0
MCH-0476,3481.0,5.507,88.3,Standard,115.99,1
MCH-0477,999.25,6.559,21.76,Eco,57.31,0
MCH-0478,2295.41,6.217,81.15,High-Speed,120.27,1
MCH-0479,3417.12,6.484,21.23,High-Speed,113.98,0
MCH-0480,2212.36,3.767,81.48,High-Speed,117.55,1
MCH-0481,2499.38,6.634,34.82,Standard,96.78,1
MCH-0482,2678.52,1.402,88.94,Standard,97.13,0
MCH-0483,2027.26,4.584,94.96,High-Speed,117.98,1
MCH-0484,2494.41,0.543,23.39,High-Speed,91.0,0
MCH-0485,2377.65,2.934,51.64,Standard,85.23,0
MCH-0486,3233.13,3.248,98.29,High-Speed,133.55,1
MCH-0487,922.71,3.471,53.51,High-Speed,88.81,0
MCH-0488,1558.6,5.716,87.72,Standard,94.98,1
MCH-0489,3366.11,3.414,62.99,High-Speed,117.18,1
MCH-0490,3203.71,3.865,43.78,High-Speed,109.56,0
MCH-0491,2030.27,2.282,35.72,High-Speed,104.81,1
MCH-0492,2474.36,3.299,28.29,Standard,86.78,0
MCH-0493,1548.93,2.205,78.56,High-Speed,96.33,1
MCH-0494,1307.93,1.049,44.79,Standard,72.77,0
MCH-0495,2051.99,5.026,56.01,Standard,97.29,0
MCH-0496,1754.05,5.512,54.31,Eco,79.75,1
MCH-0497,2375.87,5.146,61.96,Eco,94.77,1
MCH-0498,1009.88,3.976,87.9,High-Speed,94.13,0
MCH-0499,3430.87,3.348,98.27,Standard,107.73,0
MCH-0500,3462.77,6.975,46.68,Eco,101.51,1
MCH-0501,2685.04,4.393,84.48,High-Speed,123.17,1
MCH-0502,2247.46,4.094,78.81,Eco,72.51,0
MCH-0503,1635.72,0.692,61.62,Eco,66.45,0
MCH-0504,2997.25,3.059,96.04,Standard,106.16,1
MCH-0505,2648.77,3.351,28.04,Standard,80.28,1
MCH-0506,1239.07,3.491,19.83,Eco,53.1,0
MCH-0507,3259.5,4.851,86.86,Eco,108.34,1
MCH-0508,3020.85,4.502,49.52,Standard,95.47,1
MCH-0509,3364.46,5.059,86.23,High-Speed,126.95,1
MCH-0510,2759.44,6.237,90.38,Standard,105.23,1
MCH-0511,2456.22,6.597,15.62,Eco,84.36,0
MCH-0512,1929.26,5.886,89.51,High-Speed,119.54,1
MCH-0513,3318.37,7.666,50.35,Eco,88.56,1
MCH-0514,3138.37,0.637,55.94,High-Speed,105.87,0
MCH-0515,922.09,1.968,66.39,Eco,67.76,1
MCH-0516,871.19,0.557,93.37,High-Speed,101.04,0
MCH-0517,1816.45,5.356,11.72,High-Speed,95.77,1
MCH-0518,2988.49,7.235,52.92,Eco,95.15,0
MCH-0519,3465.65,2.326,71.89,High-Speed,113.38,0
MCH-0520,1206.13,7.453,75.04,Standard,96.99,1
MCH-0521,2404.15,0.952,72.33,Eco,81.06,0
MCH-0522,1828.41,7.508,22.1,Standard,84.68,1
MCH-0523,3418.77,3.137,36.95,Eco,87.81,0
MCH-0524,3073.72,1.261,42.28,High-Speed,100.44,0
MCH-0525,3063.49,4.144,82.4,High-Speed,127.01,1
MCH-0526,2065.47,2.426,35.09,High-Speed,96.54,0
MCH-0527,1920.01,2.637,28.96,Eco,65.14,1
MCH-0528,1538.2,2.805,96.17,Standard,95.55,0
MCH-0529,952.21,6.523,10.8,Standard,61.49,1
MCH-0530,3134.75,4.544,99.8,Eco,105.75,1
MCH-0531,2994.83,2.835,70.91,Eco,93.3,1
MCH-0532,3499.24,5.078,84.56,Standard,109.35,1
MCH-0533,3490.92,5.871,36.52,Standard,104.89,1
MCH-0534,2299.67,2.545,11.29,Standard,79.99,0
MCH-0535,2876.27,3.602,76.41,Standard,103.48,0
MCH-0536,3350.87,1.414,85.07,Eco,98.53,1
MCH-0537,3094.05,1.859,76.64,Eco,96.84,1
MCH-0538,1467.84,5.608,22.86,High-Speed,89.31,0
MCH-0539,2016.47,1.861,77.81,Standard,89.96,0
MCH-0540,1148.73,4.439,79.2,High-Speed,95.98,1
MCH-0541,3375.94,5.818,69.27,Eco,103.43,0
MCH-0542,2436.67,1.302,78.95,Eco,83.98,0
MCH-0543,1417.34,4.755,86.13,High-Speed,110.33,0
MCH-0544,2613.59,2.424,65.22,Standard,98.84,0
MCH-0545,2468.95,7.722,17.97,Standard,95.19,0
MCH-0546,1767.04,4.127,53.89,Standard,83.49,1
MCH-0547,1106.61,6.545,16.99,Standard,61.24,1
MCH-0548,2613.25,4.627,46.68,High-Speed,113.79,1
MCH-0549,2204.83,0.826,46.64,High-Speed,99.34,0
MCH-0550,2885.26,5.249,15.94,Eco,77.25,0
MCH-0551,2204.44,7.636,41.39,Standard,97.68,1
MCH-0552,3100.89,5.012,19.99,Standard,86.49,1
MCH-0553,2290.15,6.644,82.74,Standard,111.41,1
MCH-0554,2314.53,7.132,95.29,High-Speed,124.67,1
MCH-0555,3166.96,2.211,16.51,Standard,83.45,0
MCH-0556,1889.4,2.09,95.96,High-Speed,107.74,0
MCH-0557,1161.84,5.082,57.03,Standard,80.57,0
MCH-0558,877.71,3.583,36.96,Standard,69.08,1
MCH-0559,2838.87,6.799,16.92,Eco,83.66,1
MCH-0560,2474.84,7.25,55.06,Standard,99.29,1
MCH-0561,2701.02,3.151,81.51,Standard,104.48,1
MCH-0562,1375.0,2.277,73.64,Eco,73.41,1
MCH-0563,1168.2,6.354,14.52,High-Speed,83.48,1
MCH-0564,839.27,2.561,16.56,High-Speed,71.43,0
MCH-0565,1746.59,6.67,46.26,Standard,91.88,0
MCH-0566,2392.78,3.678,36.58,High-Speed,105.03,1
MCH-0567,1859.06,5.507,30.91,Standard,83.43,0
MCH-0568,1981.18,1.217,35.29,Eco,71.54,1
MCH-0569,3241.23,5.179,82.31,Eco,94.66,1
MCH-0570,1740.29,3.888,93.63,Standard,94.32,0
MCH-0571,2187.77,4.9,46.46,Eco,74.7,1
MCH-0572,2915.86,1.76,91.55,Eco,107.43,1
MCH-0573,1870.67,6.027,38.93,Standard,90.35,1
MCH-0574,2479.63,6.971,52.88,Standard,99.86,1
MCH-0575,3128.38,2.126,30.34,Eco,85.03,0
MCH-0576,3363.71,1.218,67.64,High-Speed,123.8,1
MCH-0577,1197.1,0.677,98.11,High-Speed,105.75,0
MCH-0578,3301.79,5.315,64.31,Standard,114.69,1
MCH-0579,2128.71,5.053,42.2,Standard,87.5,1
MCH-0580,1497.26,4.6,68.3,High-Speed,100.61,1
MCH-0581,2039.67,2.24,21.06,Eco,60.69,0
MCH-0582,3446.09,3.432,89.98,High-Speed,133.07,1
MCH-0583,2130.07,4.959,55.28,High-Speed,106.76,1
MCH-0584,1687.63,4.226,50.44,High-Speed,97.17,0
MCH-0585,2510.18,7.908,62.73,High-Speed,118.19,1
MCH-0586,1448.39,1.523,66.23,Standard,87.7,0
MCH-0587,1004.83,5.714,16.46,Standard,73.76,1
MCH-0588,1147.98,3.532,71.44,Eco,81.78,0
MCH-0589,1145.72,3.711,31.77,Eco,63.72,0
MCH-0590,1210.14,5.882,74.26,Eco,79.44,1
MCH-0591,1174.83,5.693,84.03,Eco,81.14,1
MCH-0592,2530.36,7.934,82.36,High-Speed,121.63,1
MCH-0593,1291.08,1.463,59.73,Standard,70.18,0
MCH-0594,1733.3,1.281,56.82,Standard,83.07,0
MCH-0595,3221.33,5.933,22.86,Eco,83.3,1
MCH-0596,2079.7,4.838,79.78,Eco,90.11,0
MCH-0597,2602.41,2.556,34.43,High-Speed,107.5,1
MCH-0598,1265.26,1.096,54.7,High-Speed,85.57,0
MCH-0599,1319.18,1.142,35.58,Eco,68.96,0
MCH-0600,910.35,7.206,22.04,Standard,67.72,1
MCH-0601,1256.12,1.939,66.66,Standard,84.09,0
MCH-0602,1552.19,2.925,14.89,Standard,71.36,0
MCH-0603,1277.93,2.2,77.38,Eco,79.14,1
MCH-0604,1039.5,3.162,38.58,Standard,65.11,0
MCH-0605,1125.72,1.021,10.01,High-Speed,85.19,0
MCH-0606,2044.1,4.393,56.0,High-Speed,104.66,1
MCH-0607,1357.1,1.007,14.22,Eco,56.05,0
MCH-0608,1783.53,6.503,34.86,High-Speed,107.74,1
MCH-0609,2159.23,2.253,73.63,Eco,79.71,0
MCH-0610,2664.07,4.55,15.64,Standard,90.35,0
MCH-0611,906.14,7.101,85.54,Standard,87.59,1
MCH-0612,2958.41,5.382,10.34,Standard,96.89,1
MCH-0613,2495.33,4.497,32.21,High-Speed,100.25,0
MCH-0614,1020.75,2.933,76.68,Eco,71.6,0
MCH-0615,3158.66,2.998,38.46,Standard,97.27,0
MCH-0616,3286.36,5.521,19.17,Eco,90.7,1
MCH-0617,964.91,7.956,42.42,Standard,90.86,1
MCH-0618,1547.57,5.464,34.34,High-Speed,93.09,0
MCH-0619,2976.74,4.683,85.84,High-Speed,132.0,1
MCH-0620,2820.3,5.98,38.2,Eco,97.71,1
MCH-0621,1298.21,3.989,81.0,High-Speed,104.09,1
MCH-0622,1365.24,0.951,90.27,High-Speed,97.71,0
MCH-0623,1800.27,4.717,49.04,Eco,67.57,0
MCH-0624,2108.21,7.682,91.89,Standard,118.42,1
MCH-0625,2469.29,1.815,43.96,High-Speed,100.41,0
MCH-0626,1796.07,5.675,96.77,Eco,87.49,0
MCH-0627,2048.84,2.007,18.04,High-Speed,82.42,1
MCH-0628,2818.17,4.519,71.83,High-Speed,114.84,1
MCH-0629,899.04,1.225,54.44,High-Speed,89.29,0
MCH-0630,1481.58,3.878,44.89,High-Speed,99.68,1
MCH-0631,2726.04,6.171,66.94,Eco,99.02,1
MCH-0632,3217.06,3.107,73.35,Eco,97.79,1
MCH-0633,2181.53,5.487,10.39,Eco,64.59,0
MCH-0634,2236.71,6.466,25.03,High-Speed,99.28,0
MCH-0635,1089.36,7.454,74.17,High-Speed,100.44,1
MCH-0636,2008.01,2.26,69.97,High-Speed,107.7,0
MCH-0637,2238.07,3.495,96.94,Eco,87.96,1
MCH-0638,1454.67,1.643,78.49,High-Speed,95.88,0
MCH-0639,1526.96,7.944,95.57,Standard,102.76,1
MCH-0640,1818.67,7.453,73.23,High-Speed,106.09,1
MCH-0641,854.19,4.55,36.82,Standard,71.09,1
MCH-0642,1669.61,6.815,19.48,High-Speed,94.66,1
MCH-0643,1370.91,4.407,80.36,Eco,85.74,1
MCH-0644,1684.24,5.177,67.97,High-Speed,102.38,1
MCH-0645,1123.36,1.168,14.34,Standard,53.74,0
MCH-0646,3204.42,6.165,42.4,Standard,102.25,0
MCH-0647,2402.7,1.458,96.11,High-Speed,110.24,0
MCH-0648,2633.58,6.696,55.04,Standard,102.37,1
MCH-0649,2930.76,6.365,48.95,Standard,93.92,0
MCH-0650,2145.79,5.816,51.19,Eco,80.29,1
MCH-0651,1034.68,0.771,28.8,High-Speed,73.03,0
MCH-0652,2250.19,2.773,43.18,High-Speed,103.62,0
MCH-0653,2384.47,2.473,43.28,High-Speed,97.74,1
MCH-0654,2812.69,3.201,14.71,Standard,76.21,0
MCH-0655,1965.48,1.157,79.08,High-Speed,103.73,0
MCH-0656,1144.47,7.527,47.49,High-Speed,100.39,1
MCH-0657,1566.19,4.654,84.0,Eco,82.41,0
MCH-0658,1780.32,2.791,86.53,Eco,80.13,0
MCH-0659,2543.98,3.477,29.08,Eco,73.2,0
MCH-0660,2341.1,3.854,69.16,Standard,97.5,1
MCH-0661,1761.46,5.004,52.51,High-Speed,97.95,1
MCH-0662,3463.59,4.368,89.21,Eco,105.86,1
MCH-0663,2435.59,7.395,29.42,Eco,87.33,1
MCH-0664,1440.51,4.227,71.0,Eco,70.96,1
MCH-0665,1074.81,7.941,64.7,High-Speed,103.77,1
MCH-0666,1212.72,6.886,36.58,High-Speed,86.04,1
MCH-0667,1464.09,2.064,22.29,High-Speed,84.73,0
MCH-0668,1233.84,7.479,68.65,Standard,86.21,0
MCH-0669,1303.73,1.373,76.47,Standard,86.57,0
MCH-0670,1569.76,6.631,38.41,Eco,66.9,0
MCH-0671,1268.11,3.355,68.03,High-Speed,99.88,0
MCH-0672,3221.27,7.085,45.56,Eco,103.31,1
MCH-0673,1016.63,7.01,74.19,High-Speed,99.02,1
MCH-0674,2216.18,6.544,27.93,High-Speed,99.41,1
MCH-0675,1908.07,6.425,90.12,High-Speed,113.7,1
MCH-0676,3452.42,2.785,35.87,Standard,95.61,0
MCH-0677,1102.51,1.107,43.1,Standard,71.07,0
MCH-0678,1874.21,3.522,15.23,High-Speed,86.62,0
MCH-0679,3417.57,1.801,20.04,Eco,75.2,0
MCH-0680,3136.87,5.712,56.43,High-Speed,111.47,1
MCH-0681,3006.09,3.096,34.08,High-Speed,115.81,1
MCH-0682,1496.34,7.817,85.19,Eco,98.33,1
MCH-0683,1261.4,5.307,11.32,High-Speed,87.48,1
MCH-0684,2605.34,6.669,44.12,Eco,84.45,0
MCH-0685,3309.32,1.494,40.36,Standard,98.7,0
MCH-0686,2303.26,6.965,11.74,Standard,90.53,1
MCH-0687,2343.35,7.421,21.19,Eco,78.79,1
MCH-0688,1555.94,4.153,47.23,Standard,81.77,0
MCH-0689,2877.63,5.047,54.36,Standard,107.6,1
MCH-0690,1305.02,6.236,46.39,Eco,64.47,0
MCH-0691,1673.93,1.811,57.78,Standard,86.22,0
MCH-0692,1948.68,4.269,63.56,High-Speed,104.87,0
MCH-0693,2170.55,3.49,10.89,High-Speed,86.08,0
MCH-0694,1454.51,1.598,51.77,Eco,61.19,0
MCH-0695,1110.06,3.257,96.71,Standard,84.85,0
MCH-0696,2448.67,1.011,56.71,High-Speed,97.47,0
MCH-0697,1579.3,0.694,70.98,High-Speed,105.56,0
MCH-0698,2369.34,1.514,38.07,Standard,85.49,1
MCH-0699,1216.78,7.723,79.66,Standard,100.04,1
MCH-0700,2099.08,4.621,79.56,High-Speed,116.57,1
MCH-0701,2237.99,7.744,56.92,High-Speed,115.5,1
MCH-0702,939.92,3.744,97.84,Eco,78.87,0
MCH-0703,1708.83,2.839,21.3,Eco,60.87,0
MCH-0704,1162.92,4.296,11.53,High-Speed,79.86,1
MCH-0705,971.11,3.796,79.31,Eco,66.38,0
MCH-0706,3472.89,1.292,82.64,High-Speed,129.59,0
MCH-0707,1670.36,5.306,20.82,High-Speed,83.37,1
MCH-0708,2986.66,2.12,33.9,Eco,75.17,0
MCH-0709,1487.53,5.147,11.58,Eco,72.19,0
MCH-0710,2640.06,5.377,36.4,Standard,94.57,0
MCH-0711,2852.62,1.64,79.58,Standard,102.44,0
MCH-0712,2408.22,0.96,56.62,Standard,91.09,0
MCH-0713,2073.26,6.356,41.33,High-Speed,97.92,1
MCH-0714,1911.97,3.949,43.46,Eco,67.3,0
MCH-0715,1741.94,0.936,10.12,High-Speed,78.68,0
MCH-0716,3309.73,7.961,36.98,Eco,93.01,1
MCH-0717,3042.67,0.933,68.18,High-Speed,113.55,0
MCH-0718,3405.57,5.713,97.68,Standard,124.59,1
MCH-0719,1135.6,7.878,86.24,Standard,102.99,1
MCH-0720,2773.34,2.294,12.12,Standard,85.79,0
MCH-0721,3333.52,1.567,90.87,High-Speed,120.58,1
MCH-0722,1289.33,1.41,80.49,Eco,70.71,0
MCH-0723,979.54,2.775,80.23,Eco,68.42,0
MCH-0724,2801.03,1.258,51.22,Standard,86.54,0
MCH-0725,2351.08,5.691,45.82,Standard,87.69,0
MCH-0726,3072.94,0.967,37.26,Standard,98.41,1
MCH-0727,1177.39,4.321,15.91,Standard,68.03,0
MCH-0728,2947.22,7.975,30.54,Eco,90.16,1
MCH-0729,1344.39,6.605,32.19,High-Speed,97.08,1
MCH-0730,1241.87,5.114,53.57,High-Speed,99.38,1
MCH-0731,1243.52,2.797,77.27,High-Speed,104.57,0
MCH-0732,2999.35,5.179,52.64,High-Speed,113.94,1
MCH-0733,2596.03,4.453,15.21,Standard,87.08,1
MCH-0734,2212.28,3.696,96.2,Standard,98.61,1
MCH-0735,1768.84,1.48,94.85,Standard,91.84,1
MCH-0736,3168.44,7.15,80.67,High-Speed,132.52,1
MCH-0737,1859.6,3.873,99.22,Standard,100.99,1
MCH-0738,3004.82,1.96,59.0,Standard,98.43,0
MCH-0739,1985.66,3.258,96.65,Eco,93.67,0
MCH-0740,1817.75,3.606,16.8,Eco,61.44,0
MCH-0741,2049.24,6.707,42.91,Standard,92.46,1
MCH-0742,1613.72,6.002,30.28,Eco,67.26,1
MCH-0743,2818.55,6.27,27.62,Eco,99.88,1
MCH-0744,2157.35,0.583,22.67,Standard,69.35,1
MCH-0745,1426.97,3.621,66.02,Standard,81.03,0
MCH-0746,3228.85,4.11,80.32,Standard,115.89,0
MCH-0747,1836.51,0.644,62.05,Standard,79.86,0
MCH-0748,2267.59,2.449,23.23,High-Speed,98.74,1
MCH-0749,3247.47,6.202,83.0,High-Speed,132.66,1
MCH-0750,2485.44,1.528,67.24,Standard,91.19,1
MCH-0751,1115.62,4.515,44.93,Eco,62.59,0
MCH-0752,3337.55,2.114,70.67,Standard,101.75,0
MCH-0753,2494.81,0.591,33.39,Standard,79.23,0
MCH-0754,1704.25,2.309,41.07,Eco,66.75,0
MCH-0755,1176.03,7.819,92.57,High-Speed,109.15,1
MCH-0756,2943.87,6.512,36.15,Standard,99.3,0
MCH-0757,2474.2,7.697,52.3,Standard,96.07,0
MCH-0758,2240.34,4.159,90.11,High-Speed,121.43,1
MCH-0759,3213.51,1.323,73.69,High-Speed,123.19,1
MCH-0760,2929.21,4.61,15.6,Eco,75.99,0
MCH-0761,1209.52,3.908,23.26,High-Speed,80.9,0
MCH-0762,1641.65,6.833,10.71,High-Speed,93.15,1
MCH-0763,1470.92,1.236,66.78,High-Speed,101.61,0
MCH-0764,2808.65,4.162,50.29,Eco,94.96,1
MCH-0765,890.54,1.625,22.08,High-Speed,68.71,0
MCH-0766,2338.7,2.935,96.21,High-Speed,123.12,0
MCH-0767,2858.64,6.03,57.67,Eco,93.96,1
MCH-0768,3167.27,4.07,31.77,High-Speed,110.87,0
MCH-0769,1723.62,3.319,55.05,High-Speed,101.69,1
MCH-0770,3017.39,3.459,71.17,Eco,92.42,0
MCH-0771,1098.71,3.946,16.86,Standard,72.01,1
MCH-0772,3085.42,6.388,34.72,Eco,97.98,1
MCH-0773,1144.22,7.191,82.63,High-Speed,115.93,1
MCH-0774,1872.68,7.665,51.37,High-Speed,99.76,1
MCH-0775,2952.7,6.402,59.19,High-Speed,120.49,1
MCH-0776,1204.78,2.866,48.95,Eco,55.48,0
MCH-0777,1418.98,5.661,13.95,High-Speed,84.27,1
MCH-0778,2750.08,3.782,24.92,High-Speed,91.43,0
MCH-0779,2744.1,2.41,50.1,Eco,85.27,0
MCH-0780,2531.1,6.807,28.83,Standard,94.41,1
MCH-0781,2673.66,0.788,14.5,Standard,75.93,0
MCH-0782,2265.36,7.263,85.93,High-Speed,119.26,1
MCH-0783,1479.86,3.961,98.31,Eco,87.14,1
MCH-0784,1733.38,5.279,81.38,High-Speed,106.24,1
MCH-0785,1290.31,5.445,86.84,Eco,77.57,0
MCH-0786,3252.82,7.213,31.78,Eco,87.7,1
MCH-0787,2375.16,5.275,96.46,Standard,107.5,0
MCH-0788,1882.3,5.105,27.72,Standard,78.71,0
MCH-0789,2047.42,1.0,95.63,Eco,83.44,1
MCH-0790,3357.67,4.388,99.53,High-Speed,136.98,1
MCH-0791,1214.05,1.626,74.06,Standard,85.02,1
MCH-0792,2382.82,6.031,98.3,High-Speed,133.0,1
MCH-0793,2165.9,4.342,61.26,Standard,93.79,1
MCH-0794,2450.93,5.602,33.36,Standard,92.92,1
MCH-0795,848.9,0.813,49.33,High-Speed,82.64,0
MCH-0796,3154.73,1.136,63.42,Standard,90.9,1
MCH-0797,3316.72,5.872,16.58,Standard,95.26,1
MCH-0798,2325.86,1.041,66.01,High-Speed,103.07,1
MCH-0799,2680.96,1.034,98.31,Standard,101.28,1
MCH-0800,3290.75,0.591,27.11,Standard,88.66,0
MCH-0801,2709.54,7.674,81.33,Standard,111.93,1
MCH-0802,1211.86,6.031,91.71,High-Speed,104.79,1
MCH-0803,2355.98,3.149,94.93,Eco,92.61,0
MCH-0804,2438.13,2.724,96.41,High-Speed,115.71,1
MCH-0805,1945.15,3.123,56.93,Eco,63.88,0
MCH-0806,2788.4,6.31,97.96,Standard,109.11,1
MCH-0807,3322.79,5.46,78.16,Eco,105.23,1
MCH-0808,3299.03,1.889,24.55,High-Speed,111.38,0
MCH-0809,2017.27,1.806,52.92,High-Speed,86.74,1
MCH-0810,1105.74,1.238,74.65,Standard,73.91,0
MCH-0811,3459.07,5.452,32.26,Eco,94.79,0
MCH-0812,3065.02,6.233,67.66,Standard,114.56,1
MCH-0813,1136.59,2.488,69.99,Standard,77.76,0
MCH-0814,3286.27,0.657,24.64,High-Speed,99.79,0
MCH-0815,3148.72,1.116,60.86,Eco,94.48,0
MCH-0816,2200.86,7.759,79.45,Eco,100.52,1
MCH-0817,2396.44,2.716,54.9,Eco,85.22,0
MCH-0818,1877.31,6.269,11.09,Eco,66.68,1
MCH-0819,947.86,5.185,10.81,Standard,71.08,1
MCH-0820,1705.03,3.365,42.13,Standard,70.44,0
MCH-0821,2967.7,2.043,93.36,High-Speed,128.57,1
MCH-0822,812.51,1.41,30.58,Standard,61.55,0
MCH-0823,1700.45,5.113,67.09,Standard,91.91,0
MCH-0824,1875.06,6.31,29.99,High-Speed,95.02,0
MCH-0825,2250.97,5.329,38.95,High-Speed,95.82,1
MCH-0826,3283.61,4.477,86.32,High-Speed,130.24,1
MCH-0827,1735.13,0.815,75.6,Standard,87.97,0
MCH-0828,1736.77,7.764,18.59,Standard,86.23,0
MCH-0829,2791.25,6.49,48.58,High-Speed,119.67,1
MCH-0830,2020.99,2.696,12.63,High-Speed,90.54,1
MCH-0831,1406.43,7.85,53.28,High-Speed,99.73,1
MCH-0832,2021.59,5.014,69.62,Standard,99.51,1
MCH-0833,1180.31,4.868,20.67,Standard,65.41,0
MCH-0834,1276.24,6.111,36.0,Eco,74.48,0
MCH-0835,2145.59,6.588,45.81,Standard,92.9,1
MCH-0836,1931.1,5.424,92.76,Standard,102.14,1
MCH-0837,3270.08,1.461,99.39,Standard,116.46,1
MCH-0838,1778.46,3.037,14.04,High-Speed,91.94,1
MCH-0839,2367.59,7.461,78.49,Standard,111.48,1
MCH-0840,2507.11,2.185,43.46,High-Speed,98.61,0
MCH-0841,835.36,3.291,45.32,Eco,64.35,0
MCH-0842,2591.55,3.741,77.88,Eco,88.25,0
MCH-0843,1280.7,3.796,92.66,High-Speed,110.08,1
MCH-0844,3394.89,5.097,95.58,High-Speed,127.99,1
MCH-0845,1201.39,7.573,61.94,High-Speed,103.43,1
MCH-0846,1919.49,2.305,42.14,Standard,76.41,0
MCH-0847,1030.44,1.411,80.88,Eco,73.94,0
MCH-0848,3491.56,1.981,32.59,High-Speed,116.41,1
MCH-0849,2155.93,7.152,60.77,Standard,100.12,1
MCH-0850,2407.54,5.344,42.27,Eco,83.62,1
MCH-0851,981.11,2.644,69.1,Standard,81.58,0
MCH-0852,2824.89,6.62,31.64,Eco,92.9,1
MCH-0853,1366.75,6.96,27.24,Standard,79.38,1
MCH-0854,3224.75,6.849,92.64,Eco,108.37,1
MCH-0855,1353.88,7.392,19.16,Eco,70.75,0
MCH-0856,1314.86,2.392,55.54,Standard,68.17,0
MCH-0857,898.68,6.163,29.88,High-Speed,92.24,0
MCH-0858,2074.58,3.954,13.5,Eco,63.7,0
MCH-0859,2325.07,6.815,13.24,High-Speed,99.98,1
MCH-0860,977.41,5.964,25.77,Standard,76.56,0
MCH-0861,2893.92,6.323,88.01,High-Speed,127.33,1
MCH-0862,2023.88,5.421,35.42,High-Speed,104.54,1
MCH-0863,2215.85,1.831,95.54,High-Speed,119.79,0
MCH-0864,1990.06,4.588,62.35,High-Speed,107.77,1
MCH-0865,1882.06,7.885,49.3,High-Speed,110.49,1
MCH-0866,2311.03,7.53,62.21,Eco,91.61,1
MCH-0867,1219.15,0.824,56.5,Eco,63.89,0
MCH-0868,1291.21,1.736,78.29,Eco,67.05,0
MCH-0869,3126.82,1.488,35.42,Standard,89.81,0
MCH-0870,3354.51,5.945,41.77,High-Speed,113.83,1
MCH-0871,1807.94,6.633,90.47,Eco,88.27,0
MCH-0872,1531.01,2.101,95.18,Standard,81.32,1
MCH-0873,2538.8,4.294,90.33,Eco,97.9,1
MCH-0874,1903.58,6.805,47.75,Eco,89.92,1
MCH-0875,868.54,5.996,80.23,High-Speed,99.8,1
MCH-0876,1221.61,4.567,52.87,Standard,84.94,0
MCH-0877,2733.13,4.928,54.78,High-Speed,120.21,1
MCH-0878,2579.09,4.313,28.42,High-Speed,97.54,0
MCH-0879,873.16,2.732,63.2,Eco,60.26,0
MCH-0880,1399.32,4.738,26.75,High-Speed,94.72,1
MCH-0881,1423.9,5.667,39.84,Standard,80.48,1
MCH-0882,2614.11,7.05,86.95,High-Speed,120.81,1
MCH-0883,853.22,5.272,28.64,High-Speed,81.72,0
MCH-0884,1081.09,6.208,16.4,High-Speed,88.03,0
MCH-0885,2959.77,1.701,16.21,Eco,69.98,0
MCH-0886,1282.07,3.962,94.67,Standard,78.23,0
MCH-0887,2562.41,0.57,55.62,Eco,77.02,0
MCH-0888,1443.09,2.35,46.85,Eco,65.1,0
MCH-0889,1068.49,5.948,82.98,Eco,80.25,0
MCH-0890,1456.56,7.939,85.22,Eco,96.01,1
MCH-0891,2750.12,1.244,39.9,Eco,77.85,1
MCH-0892,3110.38,3.511,72.43,Standard,107.64,0
MCH-0893,3041.59,6.501,79.4,High-Speed,134.25,1
MCH-0894,1872.4,2.03,68.92,Eco,77.46,0
MCH-0895,2603.83,4.663,23.64,Eco,88.81,1
MCH-0896,1353.46,5.998,88.83,Standard,89.17,0
MCH-0897,1591.5,5.12,58.52,Standard,82.73,0
MCH-0898,3220.11,1.91,35.42,High-Speed,111.35,0
MCH-0899,835.11,3.165,48.27,Standard,77.42,0
MCH-0900,1030.87,6.378,13.38,High-Speed,83.78,0
MCH-0901,1361.29,4.657,21.51,Eco,57.51,1
MCH-0902,871.64,0.539,78.9,Eco,74.07,0
MCH-0903,1289.88,6.207,10.0,High-Speed,82.55,1
MCH-0904,2374.21,0.765,47.49,Standard,86.04,0
MCH-0905,1937.85,6.093,57.03,High-Speed,114.73,1
MCH-0906,3210.21,2.019,14.92,Standard,85.03,0
MCH-0907,3007.1,7.686,97.58,Eco,108.39,1
MCH-0908,1722.91,3.26,30.35,Standard,73.86,1
MCH-0909,1500.44,2.952,37.38,High-Speed,94.93,0
MCH-0910,1825.17,1.617,37.35,High-Speed,96.8,0
MCH-0911,2393.8,2.792,30.74,Eco,73.98,0
MCH-0912,1523.77,7.075,10.13,Standard,85.6,1
MCH-0913,2485.2,7.973,75.64,Standard,109.42,1
MCH-0914,1905.41,3.262,97.02,Standard,105.28,0
MCH-0915,2290.53,3.865,30.19,Eco,72.5,0
MCH-0916,1977.54,5.916,69.67,Standard,108.72,1
MCH-0917,1595.06,7.146,76.77,High-Speed,120.03,1
MCH-0918,3360.82,4.948,86.36,Standard,115.99,0
MCH-0919,2861.74,3.436,48.04,Eco,93.14,0
MCH-0920,1178.31,3.595,37.26,Standard,79.79,0
MCH-0921,3144.86,5.717,39.28,Standard,109.29,1
MCH-0922,2116.06,0.524,74.14,High-Speed,91.32,0
MCH-0923,3215.29,5.147,83.51,Standard,118.04,1
MCH-0924,2959.61,3.166,26.35,High-Speed,107.78,0
MCH-0925,1948.08,6.456,43.38,High-Speed,107.31,1
MCH-0926,860.67,1.197,91.17,Eco,71.29,0
MCH-0927,1525.43,4.912,82.6,High-Speed,109.64,1
MCH-0928,2262.41,4.107,98.64,High-Speed,126.78,0
MCH-0929,2510.39,5.317,77.88,Eco,97.35,1
MCH-0930,1496.3,0.986,45.39,High-Speed,89.73,1
MCH-0931,1176.26,4.85,63.16,Eco,78.94,1
MCH-0932,3054.31,4.711,69.49,Standard,109.48,1
MCH-0933,3457.89,4.705,17.06,Eco,89.06,1
MCH-0934,2219.36,5.026,59.0,High-Speed,119.22,1
MCH-0935,1263.53,5.574,73.84,Eco,76.85,0
MCH-0936,1535.23,6.537,25.06,High-Speed,87.09,0
MCH-0937,849.65,2.524,80.26,Standard,79.93,1
MCH-0938,3268.61,6.688,62.54,Eco,103.1,1
MCH-0939,1117.93,4.237,95.7,Standard,94.63,1
MCH-0940,2356.59,1.078,13.82,High-Speed,90.22,0
MCH-0941,1539.95,0.939,33.88,High-Speed,89.39,1
MCH-0942,2296.28,3.007,64.14,Standard,105.63,0
MCH-0943,2558.84,6.387,36.69,Eco,89.13,0
MCH-0944,3040.3,5.808,74.3,Eco,105.86,1
MCH-0945,1357.34,6.415,78.31,High-Speed,107.6,1
MCH-0946,829.69,4.38,19.23,Standard,57.99,1
MCH-0947,1169.59,3.801,56.25,Standard,67.4,0
MCH-0948,3230.05,1.606,55.8,Eco,86.28,0
MCH-0949,3159.5,2.961,43.24,Eco,74.2,0
MCH-0950,2413.02,3.755,93.96,Eco,97.6,1
MCH-0951,2421.4,1.165,84.48,Standard,94.93,0
MCH-0952,2595.6,2.155,72.75,Eco,80.93,0
MCH-0953,1273.5,4.987,74.29,Eco,78.7,0
MCH-0954,3268.91,6.017,51.55,High-Speed,118.64,1
MCH-0955,1930.68,7.988,92.89,Eco,100.06,1
MCH-0956,1834.47,7.498,72.51,Eco,93.05,1
MCH-0957,2201.08,5.319,75.61,Standard,96.76,0
MCH-0958,926.81,3.659,87.55,Standard,83.89,0
MCH-0959,1248.97,5.271,34.67,High-Speed,92.53,1
MCH-0960,2792.69,6.392,82.64,Eco,94.69,0
MCH-0961,1023.56,1.388,27.57,High-Speed,79.54,0
MCH-0962,2428.51,3.574,41.08,Standard,81.82,0
MCH-0963,1462.44,6.799,40.2,High-Speed,101.72,1
MCH-0964,1851.1,3.379,98.07,Standard,96.55,1
MCH-0965,1579.47,4.789,87.09,High-Speed,102.95,0
MCH-0966,1760.32,4.908,73.11,High-Speed,105.46,1
MCH-0967,2741.42,1.884,75.44,Eco,86.79,1
MCH-0968,1602.23,3.217,60.59,High-Speed,104.5,1
MCH-0969,2329.29,3.009,95.24,Eco,93.71,1
MCH-0970,2085.34,0.696,54.66,Eco,68.1,0
MCH-0971,2591.91,0.681,44.25,Eco,84.05,0
MCH-0972,3329.44,6.738,24.67,Eco,94.64,0
MCH-0973,2777.94,2.548,80.76,High-Speed,116.23,0
MCH-0974,1380.34,4.386,76.1,Standard,80.83,1
MCH-0975,884.19,2.74,44.59,Standard,67.62,0
MCH-0976,1508.11,7.555,12.27,Standard,76.54,1
MCH-0977,2406.71,2.445,85.51,High-Speed,116.51,0
MCH-0978,938.85,3.722,11.03,Eco,55.43,0
MCH-0979,2140.19,7.045,73.33,Standard,106.51,1
MCH-0980,2411.48,6.815,97.32,High-Speed,119.39,1
MCH-0981,1702.46,1.896,49.39,Eco,70.27,0
MCH-0982,2881.46,6.52,31.15,Standard,96.82,1
MCH-0983,1087.82,3.936,73.44,Eco,86.74,0
MCH-0984,1002.87,4.122,83.54,Standard,86.08,0
MCH-0985,2766.11,1.501,59.18,Standard,90.99,0
MCH-0986,2137.83,1.105,97.03,Standard,97.64,0
MCH-0987,2658.69,5.96,14.65,Eco,78.77,0
MCH-0988,1974.03,4.223,55.43,High-Speed,94.24,1
MCH-0989,1465.29,3.776,74.66,Eco,79.95,0
MCH-0990,3011.58,5.971,87.64,Standard,113.42,1
MCH-0991,2958.42,6.241,26.13,Eco,86.31,1
MCH-0992,2675.68,1.692,82.0,High-Speed,110.89,1
MCH-0993,1534.79,5.077,59.74,Eco,71.53,0
MCH-0994,2393.62,1.515,45.69,High-Speed,105.01,1
MCH-0995,1774.63,6.135,21.85,High-Speed,101.28,1
MCH-0996,1047.27,5.427,87.88,Eco,82.42,0
MCH-0997,3276.75,7.675,24.15,Standard,93.63,1
MCH-0998,1169.41,1.017,37.88,High-Speed,84.95,0
MCH-0999,3365.64,0.928,36.1,Eco,74.19,0
MCH-1000,2004.22,2.616,88.43,High-Speed,107.77,1
